{"entities":{"pages":{"开始":{"id":"开始","title":"开始","url":"开始.html","level":0,"tabIndex":0},"XBridge简介":{"id":"XBridge简介","title":"XBridge简介","url":"xbridge简介.html","level":0,"pages":["用户界面"],"tabIndex":1},"用户界面":{"id":"用户界面","title":"用户界面","url":"用户界面.html","level":1,"parentId":"XBridge简介","tabIndex":0},"安装指南":{"id":"安装指南","title":"安装XBridge","url":"安装指南.html","level":0,"tabIndex":2},"快速入门":{"id":"快速入门","title":"快速入门","url":"快速入门.html","level":0,"tabIndex":3}}},"topLevelIds":["开始","XBridge简介","安装指南","快速入门"]}